-3.375615418,3.632363144
-3.618828072,3.786278916
-3.485529933,0.464120842
-2.422183938,2.101776976
-2.12723525,2.142973209
0.656797504,-0.351245341
-3.769733661,1.688523181
-5.241004525,3.575867239
-2.289428516,-0.057197738
0.286449409,1.033041616
2.997770642,-3.127543415
0.746673915,-0.846672586
-3.119123579,1.104976378
0.84785715,-0.399795951
-3.458611315,1.62690878
-0.955587686,0.388278355
0.991928501,-0.282637281
1.012323867,-1.347154538
-3.204891505,1.073893128
-2.367211383,0.513251492
-3.130591138,0.686585008
1.388530385,-1.445342241
-3.476055749,1.556347972
-2.243598871,2.223194313
-2.086936718,-0.713541264
-3.093383934,3.186696853
2.260701974,-2.633805359
-2.31314596,2.197918795
1.301694707,-1.582332799
-2.553909247,-0.184246662
-2.805375496,2.427706754
-3.06239916,0.446136261
-2.978784086,2.744040928
1.677890354,-1.210115588
1.232243361,-1.183790249
1.16891723,-0.786125019
1.371890354,-1.800002319
-2.902712383,2.977469137
0.717256293,-0.555649512
-3.667337534,1.92105823
-4.468351235,2.448541103
-2.937150415,0.985621904
-2.769270609,2.30600487
-3.241143377,3.09983226
0.673806009,0.068956524
-2.546558553,0.236587596
0.16384138,0.194155826
-3.764876654,1.271242907
-2.724936599,2.307722097
-1.784857117,0.944526626
-1.716676117,1.427646241
-2.887894539,3.134497727
-3.125312526,1.207084417
-3.553137664,1.132288109
-3.60012184,4.325783794
0.870931449,-0.834969707
-2.8713608,0.621023234
-3.60421365,4.134365677
-2.097072813,1.711681715
-3.359288528,3.053042476
-2.177833113,1.982496436
-3.885900322,1.725930622
-2.274215483,3.011313344
1.830741187,-1.642304276
-2.195527657,2.342739177
-2.741979659,2.800174028
-3.089998986,0.791335391
1.038292025,-0.510284059
-3.081040547,2.863069297
-2.313628585,2.694068188
-2.588940277,2.405603781
-3.255668834,3.126609033
-2.978687324,3.108203469
1.585105126,-1.816484354
-2.925688338,0.796629684
-2.168424146,2.440357854
-2.471868121,2.794895102
-0.451281521,1.297756217
1.151283256,-0.687853116
-2.742032693,2.803024687
-3.04741824,0.812918413
-4.160938658,2.694906427
-2.247017257,1.693480534
0.29007522,0.146305331
-3.404035714,1.56924824
0.961803353,-0.924579454
1.522778797,-1.224417539
-3.299996468,0.929885473
-4.199504525,2.791934763
-3.866219438,2.0573396
2.544090228,-3.328175712
-4.348184385,4.8147217
1.075144622,-0.924224762
0.554789386,0.248894855
-3.500573564,3.552715778
-3.982674084,4.186504362
1.517459485,-1.362193868
-2.29772324,2.548226123
-2.283276915,2.142664445
-4.415328992,2.868089794
0.862592621,-0.557219579
-1.813522212,-0.493210828
-3.866672531,1.678858597
-2.712579751,2.940721544
-3.107947221,0.330736735
0.451382364,-0.472155898
-3.014455564,3.981671443
1.060934882,-1.096324485
-2.760572559,0.179954963
-2.531525932,2.18115394
0.234488024,0.022083031
-3.942319577,1.550954639
-2.966257273,0.549410379
-2.85579576,0.15818311
0.055917429,0.884305151
-1.291063909,0.889534583
0.81423819,-0.663330098
-3.487814414,4.275748503
-2.543544432,2.62205931
-4.399009764,2.806568266
0.856676801,-0.662083764
-3.863957458,4.627872082
0.655758117,0.021643843
-2.331675696,0.095418276
-1.982642921,1.519806569
1.295000362,-0.976872442
-3.701381824,4.527683925
-2.109454489,1.676195476
1.934228577,-1.950996867
-4.323411792,2.354172022
-3.077937588,0.380865366
1.892096973,-2.497092338
-1.789779351,-1.548078772
0.320476115,0.212899863
-2.024405386,2.148786414
-3.114727631,3.442714795
-3.22054326,1.398760208
1.364044721,-1.286180485
0.23693119,0.195193775
-3.271668383,3.245330006
-3.395978618,3.881327132
-3.084958087,3.602699092
-2.969386264,2.717776674
0.24017714,0.655241021
-1.91854194,1.528461513
-3.501636993,1.860219415
1.84604278,-2.27416874
-2.636246423,2.788495886
-3.039200887,0.394364321
0.736900309,-0.742447697
-1.799858022,1.092632798
-1.78593783,1.398260238
1.631112634,-1.779763175
-3.420422091,1.360540978
2.086287875,-2.088633079
1.61409139,-1.638336184
-3.18949431,1.148825511
1.743972399,-1.885941119
-2.75074275,0.470628198
2.081116181,-2.16478762
1.47353312,-1.400522667
1.30126557,-1.687734528
1.092425451,-1.403187388
0.697955356,-0.435302446
-4.835827843,3.211480472
-2.886553135,0.667264333
-2.22458813,2.605452788
-2.432546643,-0.70012397
-3.208666852,1.288451966
-3.407645317,3.629308923
-4.450780857,2.969224916
-2.792925779,1.198301796
-1.932833726,1.563356362
0.892370073,-0.400726503
-2.167455195,2.134622176
0.997079126,-0.910130299
-2.955707874,0.837750708
-2.648656786,2.854541782
-2.826575534,2.63595638
-3.055321895,3.12132016
-4.427555714,4.173091396
-3.153795587,0.697399006
0.517523826,-0.198638122
-1.988418248,1.722625683
-3.753779392,3.915931729
-3.58166502,3.639161044
-2.271856565,-0.165150598
-4.101469099,4.49663947
-1.997058234,2.267700468
-1.542669573,1.233492039
1.545396802,-1.591011778
-2.58317012,2.694482584
-2.870032932,0.835563105
-2.554880179,3.126612797
1.306641798,-1.393397214
-2.618002286,0.233828022
1.246921285,-1.629213566
-3.046061782,3.255253563
-3.826035529,1.405088976
0.745267045,-0.642349713
-3.172190542,1.528811328
1.283931445,-1.490466201
-4.340219663,4.422240345
-2.596256978,0.156406067
-2.683615154,0.606655585
-0.072311358,0.845524267
-3.47365362,3.696187939
-2.963815642,0.771571841
-4.11618528,1.718082536
-2.583688281,2.890175548
1.650498641,-1.438819373
0.342055415,0.086749231
-3.134902059,2.878084108
-3.504434365,1.403038272
0.638999397,0.030699353
-3.358806496,3.649325294
-3.596583262,4.228013947
-3.484131419,3.576972124
-2.731455508,0.817751135
-2.500780416,1.791747153
0.636133037,-0.267700128
1.185792295,-1.275636322
-2.565989668,-0.220524346
1.10913149,-0.949356898
0.312460183,0.104277698
-1.753148493,1.727909143
0.925541881,-0.785312367
-3.327274895,1.391879418
0.644557294,-0.277102377
1.978757435,-2.917560456
-2.829428238,2.38884454
-3.052283794,3.656706333
0.133296544,-0.263628013
-2.518511922,2.24368494
-1.956547429,1.977954004
-1.979984932,1.472400866
-2.86793663,0.219473573
-2.570704402,0.226748343
1.055211658,-0.848707903
-3.41930741,3.857753506
0.847074021,-0.377899303
-2.34589391,2.528465807
-2.029713554,1.674083474
-3.342144368,0.892115384
-3.159607835,0.802699048
1.294800491,-0.532118659
0.889060801,-0.744527626
-3.615116918,1.232823624
-3.188849726,3.794906025
0.782358022,-0.577746762
-3.235394701,0.592256666
-3.277896157,0.398181973
-3.213718893,1.306753182
-3.004645243,0.4893596
-2.584240314,-0.08111707
-2.777272743,-0.240066592
-2.256782155,-0.24987764
-2.558398407,2.514196856
0.907342424,-1.282650776
-3.021683743,2.85985424
-2.620575146,0.422991249
-2.298680402,2.213295149
-2.048497237,-0.737854761
0.712210687,-0.032943451
-2.368670576,0.047767247
0.763453751,-0.736299331
-2.519283342,-0.360984758
-1.8418491,-0.447869992
-2.254036579,2.475305931
-1.929961719,1.466786569
-3.326871243,1.01712517
0.307906091,0.169951307
-3.194782851,0.463378782
1.276545899,-1.17527361
1.464795722,-1.007690903
-2.975058473,2.721383064
-2.519969698,2.467824714
-4.048984283,1.970941043
-2.175611133,-0.078031525
-3.378023862,3.143592831
-3.701029548,1.10429072
-3.072295101,0.709761498
-2.414883147,0.278358497
-3.217165032,4.002651453
-2.874101964,3.003903162
0.115978802,-0.053636147
-2.805760996,2.517495139
-2.356887416,2.43594582
-2.24658794,-0.322954731
-2.551101636,0.486284007
-1.669386207,0.636777665
-2.642157859,0.404882409
1.552794605,-0.977156396
-3.286770953,3.77061127
-2.489608972,2.362048117
-3.728393387,1.613137342
-2.806293119,0.90222743
-3.316923928,3.352788584
0.759995792,-0.344250131
-3.244694712,1.696723766
-0.240000899,0.877239676
-2.809158695,2.933569291
0.62569891,-0.412651951
-3.81249337,4.20701804
-3.138838758,3.236299624
-3.436738416,1.607236899
-2.094536547,-0.32383964
1.227159839,-0.641804256
-3.756283648,1.331810763
1.476497214,-1.804964951
-1.333984569,0.809903202
3.218706107,-3.97161234
-2.215017985,-0.330100414
-3.34506275,3.844594295
0.962123426,-0.975041375
0.947210144,-0.917774029
-3.572503667,1.766658524
1.387647871,-1.568674095
1.333734725,-1.465763787
1.190129107,-1.279938706
-3.405092093,1.205264771
-2.697158221,3.138090045
1.978278182,-2.220866971
-2.020015884,-0.806354196
0.361241338,-0.381388981
-0.135388564,0.941626248
-2.018931979,-0.606713576
1.332970378,-1.945539417
-3.897286473,1.97107905
-2.755873675,0.563712647
-0.163375783,0.672612864
-2.076523069,2.140233845
-3.700766109,1.710139895
0.85574121,-1.032458896
-3.496554357,1.507861507
1.354442827,-1.131341175
-2.476384651,2.162410653
-2.283474075,2.078599109
1.327616996,-2.373260951
0.34597564,-0.391574429
-2.426553547,2.084133494
-2.696553722,0.108415484
-3.334696096,1.241555612
2.18743904,-2.192113149
-4.052103926,2.369251693
-2.505108328,-0.038790041
-2.344519332,0.299883953
-2.43274662,0.003427354
-2.690445637,0.678497681
-3.339275162,3.818573139
-1.313961372,1.037229914
-1.544788508,0.695932716
-1.46922906,0.916439661
0.886020641,-1.11763303
-2.855809466,2.970061219
-3.731512006,1.249492153
1.174860551,-1.240958148
1.906593108,-1.934145282
-3.703416062,2.020942032
-3.004622238,3.298645434
-2.84667106,3.091588552
-3.426137833,1.357713159
-3.219862484,0.924808195
-1.757491669,-1.085807465
-3.220384712,3.116314284
-2.865542762,3.278977272
0.146817311,0.289379261
-3.542311875,2.064027773
1.215948863,-1.048919833
-3.344659146,1.158755417
-3.945619883,1.241567791
-3.353503441,1.246525356
1.146708272,-1.289801248
0.485864247,-0.278063219
-2.582324809,2.810457448
-0.17504619,0.754740424
-2.317673856,2.627330511
0.051614241,0.68904852
1.742658562,-2.129780325
-4.38699877,2.369493875
0.194214492,0.331654677
-2.42650324,-0.249637416
1.203079371,-1.195739865
1.122529247,-1.04720614
1.01720685,-0.268142808
0.665544197,-0.82004242
-2.739855089,2.583674189
-1.423940496,-1.393001924
-2.029559853,1.739096955
-3.07914265,1.199608364
-2.74436707,0.544724335
-3.0090031,2.801937106
1.096672478,-0.567398696
-2.106686108,-0.293518076
-4.269602011,2.647470604
0.835091054,-1.356064223
2.35524327,-1.994382049
0.459061292,-0.396542624
-3.5578767,3.493408612
-2.904623174,2.807885599
-2.989446423,0.914609445
-2.531847759,0.406671975
-3.00050161,0.998573739
-1.687923179,-1.532309498
0.608619888,-0.646068057
-3.301728566,1.029038223
-2.9565255,1.150744096
-3.858133343,1.683576202
-3.117636573,0.550697487
-3.785608175,1.65233657
0.077084767,0.3584407
-3.586341062,1.309293941
-4.016014076,4.861242311
-2.239588636,1.789782455
-0.074290505,0.560620817
-3.469252458,1.230472092
0.655715961,-0.434480003
1.365962032,-1.14413405
-3.292842488,3.085367322
-4.125047598,1.589855837
-3.688291049,1.360191619
-0.135440292,0.804635496
0.676567666,-1.099082175
-2.922834198,0.746785346
0.588364443,-0.085274316
-0.19343681,1.109093264
-2.455191849,0.385770022
1.93722472,-2.052391057
0.40316877,0.060454848
-3.25509646,3.533340907
-3.642622267,3.898555863
-2.512634243,2.127243518
0.990049939,-0.441185408
-2.294790682,0.049075513
-2.290567378,2.788979346
1.808638904,-1.867029289
-3.315642362,0.656018838
-3.205045727,3.459442107
-3.554292334,0.937379122
-3.194227579,2.929505372
-0.213218756,1.020893166
-3.87916736,2.121501176
-3.91480908,2.068428517
-3.47622946,1.694068885
-1.326997833,1.214485326
-3.329616809,3.785392872
-3.332384771,1.691052766
0.669240134,-0.428938251
0.136770798,0.475815223
0.945781335,-0.716202342
-4.036297113,4.432162946
-2.601912279,-0.163920683
-3.214703256,1.295519047
-2.260073611,-0.628951035
-3.094615808,3.557602835
-2.085809483,2.058357917
0.977632302,-0.540680543
-4.009522385,4.599108393
1.756308629,-1.521645048
1.066269355,-1.221834881
1.404402022,-1.781767601
-2.324584759,1.864273976
-3.039592441,0.940281564
2.05883692,-2.380971997
-2.839038299,0.391310993
-2.145540023,1.75500264
-2.33634328,2.122230745
-0.262921298,0.476636229
-2.872680959,2.760277114
0.525580965,-0.194701593
0.172686898,-0.46641615
0.943588751,-0.56055842
-3.118281212,2.938816386
-2.810600992,0.493066232
-2.684112653,0.087600622
-1.565074435,1.14765864
0.05931934,0.855779399
-3.189749084,3.787152707
1.840179061,-2.132883463
-2.543303948,2.607200414
-3.542869536,4.189747926
-3.341411932,1.283157669
-2.817815486,2.799089896
-3.838145398,2.260293335
-3.464410574,3.441617842
1.917194597,-1.956415143
-4.507421128,2.570547909
-3.655743043,1.960808183
-3.341120784,0.941573657
-3.08271497,3.364542561
-3.784558954,1.419577423
-2.549990569,2.460245695
-2.807396981,0.708233119
-2.929515268,0.290405363
-3.277454413,0.767379476
0.427703788,0.414574357
0.927590092,-0.606636128
-2.626155703,0.318261937
0.055403059,0.752772924
2.381791234,-2.754505745
1.075306158,-1.577112639
-1.785301019,-0.286041683
-1.94144584,-0.610380608
-2.058232948,-0.464863941
-3.960255972,2.203676734
0.357460122,0.238750587
-3.961684493,1.905292198
-2.125357152,1.791500088
-3.152500469,1.432387677
0.819003695,-0.557976597
-2.316247544,-0.190640708
-1.520564067,1.001857409
-1.999410374,1.461965486
-3.431979435,1.688493088
-4.213430516,2.71351274
-2.416320051,1.906234417
1.546952076,-1.776313161
-0.578127019,1.372513574
1.6181042,-1.499474438
-2.301915867,1.927876953
-2.508474307,0.103811617
2.41514527,-3.398180458
0.792867988,-1.081498003
-1.856895908,1.671205583
-3.713211172,3.865424919
-4.455558482,2.72844135
-2.190667268,2.355378782
1.725651824,-1.209017772
0.262728271,0.24968385
-3.283467618,3.29894698
-0.084451581,0.954052003
-3.651428425,4.648494287
1.425859312,-2.131763003
0.995866586,-0.860602855
-3.679394457,1.000061886
0.628703554,-0.082889958
-3.15359553,3.538648602
0.790320801,-0.419941095
-0.905263342,0.511809707
0.949602585,-0.640652211
-3.658377872,3.564992925
1.208721432,-0.742486141
-2.845322444,3.864063182
-1.532601955,-0.969495187
-2.709784709,0.998240899
0.588320673,-0.699591173
-2.301048801,0.230032155
-2.342204291,0.043254243
-3.980466869,1.996631345
1.102935868,-1.104452275
-1.149705589,1.072228749
-3.251226151,3.908197162
-0.183669445,0.894866075
0.660568881,-0.238338788
-3.319500093,1.063496854
-2.833261844,0.656932574
-2.917919848,2.511231568
2.081868464,-1.86248795
-2.82078739,3.060000781
-2.684682217,2.476367803
-3.372832278,0.919999458
-3.042229221,3.134642939
-4.082161403,2.002220924
-3.966334116,4.217750073
-2.333167458,-0.416532939
0.952261774,-0.370274429
1.32232765,-0.811046979
1.555209152,-0.83734903
-3.196361016,3.008309264
-4.297520308,1.991734592
1.273738031,-1.311769972
-3.360461416,1.358355694
0.378938893,0.158994404
-3.065879408,3.364610196
-3.611020572,4.205121606
-3.736928395,1.750986985
-3.442766537,3.194172555
-3.561377314,3.894240724
1.55682112,-1.345972528
-3.928550389,2.355351062
-2.591330598,0.404527611
0.094078422,0.632455987
-4.230871776,1.55290201
-3.103728455,3.244010048
-2.732342817,0.256046555
-1.867065076,2.507830548
-2.660195593,1.003773372
-3.17081757,3.624976593
1.229948892,-1.00061828
-2.414140893,-0.091469545
-2.722784951,0.293732507
-2.625085327,2.608457476
-2.519232167,2.178659611
-3.797556454,1.983641367
1.204103901,-1.141243988
-3.094192186,1.1785589
-2.614029375,2.617774191
0.420307435,0.1467687
-3.055575724,3.514999242
-2.501500445,0.585969504
1.300660337,-1.761130282
-2.413303283,1.902718787
-2.624231602,0.283107362
1.814917292,-2.046526811
-2.618626527,0.736183392
-2.048448945,2.087496502
0.111185771,0.050747414
0.359237795,-0.461912676
2.305524008,-2.255269825
0.810421589,-0.960937195
0.359896197,-0.141343001
-2.319108344,0.045464795
0.899531249,-0.703070258
-2.864089641,0.494092503
-0.691993168,1.158179311
-2.743239403,0.303477923
2.583891131,-3.181141822
-2.399186336,2.036317463
-3.805109555,4.035802186
1.974258703,-2.343592551
1.446604247,-1.356978133
-3.303439318,2.765756196
-3.655256522,3.553143708
-4.398343286,2.348145009
0.346804004,-0.334040684
-3.47835162,3.603058393
-4.996937206,3.263906049
-3.248896684,1.601319674
-2.066753419,0.437247762
-2.419716669,-0.439707337
-3.180549883,0.980411759
0.0968853,0.372061003
-3.731193367,3.547544663
-3.017213859,2.967657032
2.451773106,-2.438575599
-1.375657961,0.511697181
1.672903396,-1.895449261
-2.98769255,1.172966135
-2.706073166,2.652351858
-1.796368139,1.343335812
-0.481715427,0.439440726
-2.262716071,2.058563872
-3.928234997,4.53275384
-2.284486344,1.90209906
-1.733252147,1.256429454
-1.591733243,-1.378941117
-3.730816729,4.250200683
-2.319994076,2.042598927
1.308259588,-0.762742445
-5.039398846,3.121379868
1.573951322,-1.011765738
-2.816218501,0.314659429
0.881442808,-0.898380787
-2.960640072,3.384811863
-3.358236888,0.835688582
-3.21147371,1.059143908
-3.62326411,3.515809973
-3.066852424,3.283669777
-4.118544765,1.828034004
-0.414268622,0.713748421
1.41631274,-1.824312643
1.290280353,-1.315371325
-2.641043331,0.420373125
-2.054278013,1.596741568
-4.727689502,2.958707562
1.611947947,-1.368728571
-3.831459939,4.345069462
-2.399188778,-0.149404935
-3.691347811,1.852499102
-2.941805272,3.250331463
-3.518669249,3.265141384
-1.477172515,0.705030867
-2.640402179,2.837613047
-2.858981812,3.014979867
1.009394566,-1.436247603
-4.666265101,5.319286827
2.136384217,-2.210369118
-3.38472084,3.255912125
-3.466637714,3.653847479
-4.471981736,2.337050312
-2.198801778,1.896904303
0.649211394,-0.658423588
-4.15911884,4.920909055
1.159581533,-1.065861477
0.413114316,-0.32241199
-2.795053459,0.680696145
-0.068973909,0.843372337
-1.830158434,-0.765938487
-3.946211193,4.10629695
-1.689500226,-0.774068312
1.948027559,-1.588510213
0.993401962,-0.72790751
-2.171863913,-0.361219257
-2.134317872,2.047262419
1.313873017,-0.738413296
-4.032371195,2.143966472
-4.154335532,2.002153063
-2.891742488,0.697948079
-2.930725114,3.026173122
-3.77207259,1.811868035
0.453846836,0.465871303
-2.913104714,3.170939197
0.967656537,-0.567902965
-3.561883076,1.540341464
1.047793848,-0.925285253
-4.423811232,2.757467942
-3.309514329,1.174549508
-2.246980792,-0.245968733
-3.673321526,2.010838262
-2.29137427,1.634234515
0.261487208,-0.023570784
-3.400835113,1.03391277
-3.646422631,3.452710187
-2.128768604,1.768423017
-2.45680528,0.147916836
0.742059148,-0.370253786
-3.421361261,1.793167316
0.575407741,-0.075466046
-3.003027591,3.1459999
-3.161767609,2.991008348
-3.110113232,3.351997545
1.445995707,-1.301565641
-3.009031769,3.732121133
0.176559779,0.333061102
0.833770326,-0.591441282
-3.317460004,0.885675985
-3.800209096,1.947654687
-3.108847392,1.138306082
-2.518281554,2.674472422
-3.362162613,2.148539243
1.121261251,-1.15646686
-3.620272467,1.260761598
-2.450678829,2.645203412
-4.029434092,2.320919197
-1.801398995,1.703352817
-3.573223119,2.018548594
-0.511291159,1.151156918
1.446947045,-1.201220655
-3.766344571,1.884813057
1.583560105,-1.592359148
-2.609671792,0.383981715
-0.283572332,0.840409891
-4.576290835,5.720367057
-2.505414778,2.258746449
1.648391195,-2.083814868
-2.923858666,2.67283285
0.50733999,-0.595458123
-3.134824223,0.484548232
-1.770465797,1.858059868
-2.255607358,1.972339059
-1.784779774,1.25233377
-2.374219284,2.358907848
-3.097270657,0.813339812
0.46636941,0.258253159
1.384816407,-1.596441235
1.496798163,-1.460901635
0.533089713,0.006486492
1.801388486,-1.406139798
0.362444677,-0.025342327
-4.240806492,1.928838082
-4.51889763,5.689277771
-2.776412707,2.709689327
-3.173767233,0.500130796
1.382851566,-1.382343186
-1.957794422,2.255501767
-2.033880566,1.265207231
-3.865349155,3.966292109
1.529771738,-1.108630989
-3.273856426,3.321121572
-3.387167887,1.340701984
1.574688454,-1.410092714
1.545527349,-1.596714951
-2.364994375,2.288670152
-2.956936732,2.831051476
1.764055357,-1.208575284
0.854622544,-0.611035018
-4.811055166,3.0377976
-2.705599196,0.807992361
0.699060588,-0.555891411
2.114876609,-1.904949062
-3.566013654,1.216899702
-3.216562657,3.551115112
-2.807485309,2.53528948
-3.367579024,3.380204761
-2.524753971,2.617838079
-3.030539514,0.379010028
-3.410755058,3.602778373
1.24021559,-1.20583573
-4.099110661,1.91162856
-3.171132583,0.788658744
-1.346874874,0.984311312
1.976768826,-2.133924865
-2.636808613,0.876422865
-3.132300639,2.613358618
-2.888567324,2.377231865
0.716303055,-0.91482657
-2.597338211,2.415408604
-3.573593042,1.801126286
-2.240044061,2.591901014
-2.495336523,0.48602417
0.249960769,-0.07445247
0.644821927,-0.349560673
-3.796807749,4.327316293
-2.706131748,2.360901086
-3.339467011,3.441863303
-2.48892358,2.178670369
1.068609556,-0.4865922
1.634727249,-2.153440009
-2.991547439,3.301701998
-3.331701895,1.429457297
1.865662807,-2.354454053
0.770696257,-0.622127207
-2.270802883,2.294640632
1.564311879,-1.360083018
-1.334162332,0.856271176
-2.019723154,-0.395858881
-2.654837115,2.244620403
-3.90849532,1.873335178
-3.072198897,3.080396676
-3.531479697,3.910521743
-3.224640169,3.03964187
-3.370828499,3.391663442
0.636472544,-1.008060744
2.166332363,-2.187292544
1.774942132,-1.682807337
-2.512869713,2.370602998
0.59354175,-0.193201604
1.34500195,-1.435506006
-3.611718002,2.107298921
-1.121776635,0.472824629
-3.016499639,0.593716125
0.565262926,-0.148940396
-2.895310537,2.879781194
-1.820889514,1.362214826
-2.203643964,-0.321764902
0.378681802,-0.722576253
0.680441935,-0.199449136
-3.29796834,3.619415926
2.186334566,-2.766006046
-3.310935658,0.528178992
1.684531516,-1.916432447
-2.300852773,-0.001376703
-3.124604189,0.824458519
2.775464895,-3.004028244
1.008857197,-1.187590144
-3.639065451,4.050111836
-3.148958749,3.444232489
-2.61071883,2.176450147
-3.423315936,1.378176553
-3.968041593,1.387309149
-2.408513439,1.907296393
-2.44892035,2.519150799
-2.746886765,0.476087731
-2.227839333,1.735054801
0.709786512,-0.828297874
-0.325770329,0.948771164
-3.317330955,1.67818192
-2.912652514,3.066231594
-3.121760437,1.098602735
-2.435404261,-0.225527413
-3.419145752,1.789652221
-2.598625208,0.02112385
-2.917529239,3.459949207
-1.845640723,-0.016423906
-3.115126769,0.675716083
0.750946146,-0.472906275
-2.667584361,2.628838415
-1.958023697,-1.14166211
-2.512172213,3.007359626
-3.13541176,0.692416842
0.820570424,-0.359876628
-2.468336487,-1.056561517
-4.974698343,3.34146451
0.339321521,-0.154013676
2.013967361,-1.790096017
0.850683524,-0.749020993
1.735672314,-1.777965697
-2.794537238,3.298000839
1.417259834,-1.987436453
-3.536114167,1.711406788
-2.362132172,1.804356846
-4.338618658,2.943992227
-1.980649054,1.913028104
1.484539113,-1.127978913
-3.754527054,1.780333853
-3.598485787,1.36642106
-3.559865992,2.42800439
-3.388563655,3.477642707
-2.522422569,-0.581887548
-1.896825559,-0.539496874
-3.13213686,3.374764341
-2.374615184,2.573802523
1.089477549,-0.932288939
1.345452109,-1.024727326
0.746372592,-0.146859533
-2.271210738,2.149955902
-3.976948859,2.745575479
-2.655514932,2.060324575
-3.682927053,4.225994002
-2.806681523,0.455333461
0.561726965,-0.751142277
1.028132835,-0.781139365
-3.350162403,1.715981239
-3.448785705,3.79670192
-5.700802347,4.472004087
0.019499774,0.787689177
3.040902642,-3.776532161
-2.826386218,2.730586895
-2.409496103,-0.218441889
-2.94656645,0.553347702
0.259170355,0.509156919
1.216442739,-0.996202409
0.990802226,-1.423145851
0.449224442,-0.374743568
-4.468769303,5.372733544
-3.717222274,4.468206789
0.437229931,0.153896134
-2.241870467,1.97549223
0.509635686,-0.115784148
-2.939029016,3.199808473
-3.020481266,0.95761775
-2.40079415,3.127895611
1.455829033,-1.67594257
-2.998275316,3.250573728
0.589174575,-0.384450108
-2.594017433,2.451083342
-3.067306933,3.342530057
-3.908881465,1.57245838
-4.363594996,2.126139956
-3.321245161,0.829134585
0.121050746,-0.077174912
-1.964122533,2.126407449
-1.172453456,0.699097368
1.722781444,-2.01622337
-2.485949227,-0.045543226
0.423936198,0.106729852
-2.272663583,1.884783846
-2.787880475,0.127214957
0.039039569,0.416154982
-1.502204463,1.248587619
0.713403538,-0.433642321
-2.801451675,0.378470804
-3.364074296,1.259186567
1.151769336,-1.501176765
-3.225120999,0.614648022
-1.730952104,1.296465618
-1.758080804,1.768729383
-3.396542625,4.301050799
1.095925634,-1.12946024
0.364164418,0.71521592
1.340886045,-1.065346183
0.705784647,-0.442687611
1.143168352,-1.522687592
2.015879221,-2.037218087
1.107647827,-1.119701132
-3.473467372,1.727023662
-2.237219347,0.293362682
-3.678476165,1.772529299
-4.206477019,2.413238098
-2.903820181,0.515338371
0.726093588,-0.772203012
0.253098506,0.143665049
0.026878595,0.48771758
0.772986252,-0.90782791
2.403690402,-2.548681721
-2.258048182,2.448114822
-3.260562994,0.813806926
-1.660999956,0.968881602
-1.106176865,0.859694464
1.037622407,-1.120930079
-4.276980762,2.293199665
1.089367145,-1.556739922
-3.54465234,1.949478748
-3.52867461,1.499826908
-2.037670415,1.577216611
-2.98280304,3.005832351
-2.289130228,-0.424696515
1.529940542,-1.707710941
-3.863823084,1.704033045
-3.258110265,1.414637187
-2.440877333,2.685241236
1.766466926,-2.14086768
-3.362536557,1.079868187
1.535994291,-1.174008343
-3.774271966,3.838688792
-2.91494685,0.240768458
-4.692548592,4.544871887
-4.258258405,5.120983528
-3.84117734,4.078693287
1.604151485,-1.419727297
-4.140750927,2.066243323
1.785280829,-1.420476398
-2.250342422,-0.377577214
-2.164947344,-0.518429669
-2.339595242,2.095234741
-2.024186007,2.068601381
0.742957371,-0.244688107
-3.189479833,3.197747164
0.058057855,0.93729682
-2.805338435,-0.444223353
-3.356830575,1.348469052
1.132855987,-0.686528599
-3.064685596,0.910675753
1.399027204,-1.491407514
-2.106290726,1.324610137
1.651477073,-1.456473406
0.827290108,-0.576572949
-3.666939286,1.412078162
-2.818216996,0.601476002
2.545701048,-2.845790314
-2.009553669,1.472042285
0.180985943,0.901178947
0.374258778,0.273857363
0.576852764,-0.086766904
-2.580981976,2.869060233
-2.835161553,3.651829451
-3.509880692,3.751140078
-3.523448471,1.380292375
0.90420171,-0.672384644
0.489963579,-0.54983838
1.125071436,-1.136337051
-3.96058695,2.538776549
-1.630614565,1.616913739
-2.228276566,1.592810073
-2.53637643,3.002723469
1.044027252,-1.17184217
-3.553517828,3.471260888
-2.688202787,2.683506885
-3.590680108,4.464774671
-3.676103029,1.441690033
-4.556947721,2.681036406
-3.210798295,3.063352007
-2.721815871,2.800806607
-2.844052838,0.053386523
-2.408585597,1.872535585
-2.995043621,1.151233212
-4.672411715,3.162460719
-3.860707501,3.606230314
-3.498514942,3.397764405
-4.835721559,5.345715922
1.520964929,-1.334043401
-2.821679963,3.262387076
-3.442858681,1.268086281
-2.350993966,2.287965704
-3.47991978,1.596111519
-2.613123237,0.361625562
-0.162437974,1.152722208
-3.352838042,0.807313678
-3.053028074,0.79065358
-2.667701651,2.920972022
0.466116413,-0.22386552
2.038150002,-2.452326446
1.637719518,-2.229074813
-3.354811555,1.556267526
-3.16905195,3.5960704
1.375831114,-1.704414629
-2.920413518,2.968155638
-1.573777559,1.43874749
-3.333003342,1.285427239
-2.630580442,0.267188818
1.557668593,-1.803220344
-1.706892044,-0.760425824
1.237964924,-0.709985277
-3.680788981,1.573064802
-1.88571253,-0.51976093
-0.980082706,0.836907074
1.208225865,-1.003032221
-2.024635074,2.038594547
-3.137245262,0.633313715
-2.784476473,2.574431905
0.60546692,-0.41612919
1.320217935,-1.755506899
0.894410408,-0.846196119
-1.924061597,1.808133969
-2.592503254,2.769304978
1.769120879,-2.198445198
-1.760814148,-0.387639025
-2.595459457,2.323254767
-2.926395351,0.639531005
1.094839919,-1.014586487
-3.476671092,1.69936413
-2.586642567,2.781236661
-2.707979451,2.625699917
-3.375346563,1.253986851
-2.762550984,2.754919237
-3.013054767,0.76977493
-1.72154343,1.16533003
0.183124148,0.546549727
-2.149061235,2.085950395
1.748931209,-1.824489117
-2.75859567,2.477668957
1.639732602,-1.35142809
-3.965158404,2.256667173
-2.826655748,2.849857449
-2.284749926,2.415004949
-3.278044043,3.108384318
-3.564427318,0.91696245
0.250920209,0.150553994
0.779785169,-0.628377415
-1.642719659,1.113755598
-4.701945681,3.184525866
1.452467541,-1.368967042
-2.562078262,2.666289471
-4.827156248,3.271828934
1.409084115,-1.723850488
-3.471647997,1.373863882
1.290880206,-1.29742878
-1.794707478,1.49069211
0.602574966,-0.017503036
0.516978017,0.421095093
-2.172986318,2.132563402
-0.62713687,1.321845364
1.051741319,-0.55667921
-1.880730647,1.547668495
2.036389061,-2.28150932
-3.869646677,2.224670473
-3.860705665,2.128667265
1.432312521,-1.320666839
0.604239964,-0.497263145
0.169768405,-0.082751333
-1.922184314,1.839259471
-4.732943309,2.831220887
1.395717878,-1.188779151
-4.018116757,3.511883842
-0.333331217,0.115808011
-3.978627591,1.912171327
-2.581294364,2.455348257
0.99293616,-0.889981255
2.158364569,-2.437149457
-4.392047037,2.985116398
-2.016186703,1.824729632
-4.676103764,2.943263788
-2.160226628,1.924008128
-3.388660799,3.344963173
-2.237022683,0.388770858
-2.848329214,3.186762156
1.639828076,-1.464326157
-4.377794779,2.319722933
-3.314999482,1.436467525
0.468345409,-0.501516741
0.922712353,-1.803488365
0.729413581,-0.670228435
-0.556138562,1.068374757
-3.451897113,1.78007799
-2.789982189,0.7974899
-3.158030132,0.907924443
0.468639648,0.169830269
-2.115851583,1.784982294
-3.56838241,1.489122451
-3.847804574,2.180952314
0.099002645,-0.054689255
-3.291980972,3.113611762
-0.550638278,1.478623268
-3.362848261,1.112393225
-4.069830497,1.866474966
-2.017612704,-0.360237661
1.485375248,-1.203529775
-2.562968743,0.684055269
-3.347788666,3.168861676
-4.867424816,3.181091852
-2.196980816,-0.75385597
-2.491316598,0.492249944
-3.24718562,0.885463223
-2.417888005,1.759276446
-2.80682175,2.628434321
1.634487898,-1.73060292
0.18654301,0.167757041
-4.209223318,2.71152659
-3.098532414,1.027757385
-2.531862042,2.180414197
0.747349468,-1.53007028
-2.89735725,0.336086202
-3.057870088,2.997083633
0.959154681,-0.821215777
-3.413202436,0.979894391
1.86506359,-1.773574986
-3.354656235,2.596968362
-2.708504149,0.728544546
-2.381345197,1.897869842
-2.69319942,2.052472436
-2.963302285,0.943169315
0.049340912,0.26867415
-3.704360699,4.304332386
-0.066832526,0.87121896
-2.744077596,1.098101191
-1.547356816,1.586652396
1.174827197,-0.859257626
0.112519713,0.377000983
0.609381252,-0.484341916
-3.388372483,3.511744441
-2.862563491,2.837060568
-3.281373234,3.387696218
-0.31355695,0.533740049
-2.557135945,0.102489909
-2.656679721,2.409641533
-2.577822135,2.642003249
-3.20688585,1.161858694
-3.848125236,1.463257278
-3.545725575,3.787320354
-2.941899999,3.342569746
-3.126003469,3.069918516
-3.213666554,3.845669395
-2.554600367,0.633990703
1.506476205,-2.103211893
-1.786868538,1.351677529
-1.521371863,1.462275641
1.02366015,-0.923736564
-3.760812553,3.94513881
-2.626834604,2.818263805
1.141012484,-0.54085125
-3.801363417,1.833968552
-3.496475227,1.34772621
-3.592279815,1.800702217
1.702023461,-1.587479229
-2.589434222,0.372098429
-2.445424271,0.065944351
1.715488213,-1.771885469
-3.042636161,2.765044984
-3.296839411,1.414564079
-2.90166639,0.375257962
-3.136158447,3.011961834
0.301272095,0.888551781
-4.114741973,2.320202891
1.979046548,-1.908709188
0.496848393,-0.222827009
1.097423355,-1.036430753
-2.96765339,2.791485337
-2.552470573,0.126915461
0.574134391,0.149227054
-2.079069498,-0.74928089
-2.510655899,2.517786307
1.681160549,-1.761685921
-1.758195553,-0.920882204
-2.235520971,2.18418988
-2.246741191,1.833584253
-3.017026366,0.363420938
-2.882878296,0.504513102
1.085153128,-0.958043201
0.081462529,0.495065947
-3.565592391,1.388090138
0.031150424,0.075535302
-3.089705355,3.358949084
-2.719125008,0.301409573
-3.666246473,1.598441748
-2.579074159,2.850425956
-3.924005838,1.84102419
0.405404305,-0.034452987
-2.634994485,2.960382426
0.13978717,0.634955541
0.450567266,-0.191005555
0.169517115,0.168222775
-3.721815985,3.887348286
1.303096964,-1.078314224
-2.087380939,-0.608825593
-2.983025811,2.960590966
-2.909425615,0.590907702
1.392432266,-1.480922174
-2.648568197,0.882890127
-4.12238208,2.05762176
-2.319358113,2.016966101
0.584977673,-0.562589411
-3.537808534,3.535689874
-3.476748191,1.513078122
-2.872764252,3.076126178
-3.101704332,3.367168404
1.272031442,-1.372078213
-3.678624452,1.744481113
-3.854308571,1.760678962
2.070891702,-2.807154531
-2.85215258,2.619249856
-3.423921326,3.736718717
-2.806978599,2.193098677
-2.215364872,2.279467332
-3.454360297,1.424407867
-3.851927513,4.441619945
-2.966506925,1.099837433
-2.579750623,0.661439304
0.955207088,-1.06495358
0.162076408,-0.082173527
0.479925483,0.19165782
-2.812069369,2.754668876
-2.34849502,-0.115913835
-2.240294025,2.165964481
-2.733255343,2.778285666
-2.466704721,-0.769491497
0.572809074,0.653330317
-3.08186285,3.413034226
-3.924024177,2.270176083
-1.952803782,-0.822601819
-3.510478147,0.900308046
-2.393353592,1.897208604
-3.432254306,3.581333653
-2.826825938,2.725559551
1.408520561,-1.389364807
-1.313085724,0.850070264
-2.935943732,3.287103895
0.344720009,0.109307352
0.830791183,0.178915719
-2.995087161,0.461894061
0.637593899,-1.220066319
-2.437973658,0.48173254
-2.847405316,2.632216453
-2.897684922,0.863729287
1.198438877,-1.087746276
-3.089882277,1.17273306
-3.132480875,0.839575355
-3.561694637,0.919918369
0.882455562,-0.722130293
0.866662056,-0.84098695
-2.177472794,2.063717994
0.244131019,0.045183073
-3.566483605,1.401793528
-2.867493184,0.250543136
1.011968853,-1.316543984
-3.692807434,1.266493723
0.626350738,-0.18278714
-3.712607805,4.637634298
1.927561246,-2.480388864
0.896637617,-0.375009387
-2.498053802,2.661525696
-3.132755281,2.905654274
0.711554652,-0.118007684
-3.111789387,0.969146521
-3.588289797,3.90014661
-3.577261791,1.677829487
-4.458230218,3.02415426
-1.987149782,2.453017159
-2.132536458,1.74645461
-2.38365316,0.111858922
-1.852206709,1.564792155
-2.978720068,2.906227615
-2.705481164,2.567407869
-3.226976301,0.727229613
-1.933729836,-0.701529364
-2.563868672,2.808618623
0.874348517,-0.192119673
-2.836771934,3.200741746
-2.553700338,2.295928101
-2.233330502,2.187391548
-3.047975052,3.165001635
-2.48514961,2.113494158
-2.889836963,0.464126451
-3.344620671,3.312285323
-4.309920546,2.734867043
-3.436045467,1.277921905
0.847271917,-0.272183869
0.532095803,0.030290243
-1.631947167,1.589112336
-3.385516446,1.534087352
-3.821372076,4.23073578
-4.356681503,2.236410739
-2.529056814,0.257267389
2.024990802,-2.379391399
-3.035206049,0.683299161
-1.937875479,-0.740600324
0.766747172,-1.174275412
0.938447777,-0.771299721
-3.484323773,0.83976533
0.883384353,-0.675551223
-3.252922494,3.403015897
0.748399151,-0.935805914
-3.171389755,0.597771947
-2.632732848,-0.477169802
-1.84541753,1.671208158
1.894030818,-1.466086882
1.241209426,-1.279358999
-2.423758009,2.808350432
0.637322993,-0.473849953
1.69241559,-1.927823066
-2.516019026,0.452948972
0.999307481,-0.788612898
-2.814613308,2.924506386
2.73804993,-3.087451991
-3.793135535,2.413435904
0.817538686,-0.461701408
1.101459298,-1.072789393
1.096715144,-0.723160149
-2.558801267,0.066967057
-2.404733618,0.275367064
-3.045657372,0.579162888
-2.091244523,-0.972495226
-1.697907194,1.335268758
-2.737050601,0.244174685
-1.988359146,2.204330266
-3.799378471,3.955976477
-2.472719177,0.524202116
-2.521874346,0.043029521
1.026010949,-0.792085058
0.067682046,0.195541062
4.141694073,-4.877327928
-2.548696966,2.387101676
-3.265092615,3.362365854
-1.739225852,1.431926863
-3.571652919,1.168150398
0.887240397,-0.946147843
1.680619932,-1.71256025
1.636300992,-1.547870935
-2.432332999,2.162520899
1.037826096,-1.23619914
-1.851621902,1.627046856
-3.045435323,1.01978445
-1.855332371,1.596997958
0.613096799,-0.583153244
-3.545840728,1.288822461
0.910465356,-0.618032217
2.084834298,-1.916359975
-2.564967089,0.209950072
1.207916942,-1.038724773
-4.319728105,2.39154478
-2.066197268,1.807652304
-3.077639471,3.096157583
-1.619559163,1.363668922
2.026346398,-1.933483657
3.094730879,-3.210689063
0.70038449,-0.472737434
-3.153590229,1.169962565
1.915519913,-2.055169931
0.139129142,0.589723748
0.439563986,0.54803889
-2.771529737,2.800865213
-2.480006227,0.359967191
-4.29572788,2.733281871
-3.635523127,1.586945315
0.932348959,-0.73887491
-2.345266351,2.291958277
0.06851696,0.267114386
-3.263798463,0.973180444
-2.063175292,2.344432767
-2.104967593,1.821890374
1.418725896,-0.989013773
1.26648244,-0.65367509
-2.200534186,0.54538143
1.919576005,-1.491461586
-3.426716452,0.92526785
-2.874748118,0.550246938
0.343693293,-0.048373178
1.190107709,-1.317353563
-0.584186722,1.229072543
-2.714422603,3.191974343
1.134343229,-1.190203885
-3.563389229,4.244318696
-3.605831254,3.296280429
-2.654078571,3.033821079
-3.301015493,1.570164892
1.287113254,-1.284845723
0.816970841,-0.728123174
-3.32282872,1.385017392
-1.578906254,-1.233227645
-2.414634693,2.565192348
-2.666034599,-0.128199551
-2.682915227,0.131240645
-2.249565045,-0.317096374
-0.06240251,-0.045264229
-3.337893862,1.276186745
-1.61877199,-1.288567044
0.807608311,-0.081964384
-1.673493477,1.877792099
-4.065197995,1.830954462
-2.322379633,2.600232923
-2.734103045,-0.138684623
-2.754594007,2.429950301
-3.895060936,4.382180311
-2.655367377,0.516514958
-2.340817205,2.236117806
-2.840755987,3.065478899
-2.247674647,2.098247754
-3.013420041,1.409817994
-3.982676447,4.106909459
-4.294544277,4.375557724
-4.65480894,2.884402534
-1.733883083,1.556062047
0.337355763,0.10371368
-2.833068511,3.029278539
1.6085895,-0.889463142
-2.496306266,0.525128781
0.664754648,-0.843077883
0.599707966,-0.447158494
0.382653952,0.239402478
-2.993798446,1.091260259
-2.703097029,2.621159485
1.43417243,-2.183262785
-3.706101435,1.261843296
-3.769126888,2.102126407
0.724961003,-0.167363276
-2.829614216,3.077929528
0.929411164,-1.124160519
-0.320003736,0.187519361
1.528515412,-1.685191724
0.206282438,0.553309254
-3.498763776,1.231812138
-2.766526667,2.799538021
-3.667489774,4.266500377
0.184680883,0.69275796
-4.048280253,2.043560594
1.425730086,-1.43952331
-2.425564804,-0.265185693
-2.817634025,3.19794334
1.179628273,-1.542625018
-0.497381317,0.782277969
1.13089877,-1.130334027
